{"cameraMode":{"drawMode":0,"name":"Shaded","section":"Shading Mode"},"sceneLighting":false,"audioPlay":false,"sceneViewState":{"showFog":true,"showMaterialUpdate":false,"showSkybox":true,"showFlares":true,"showImageEffects":true,"showParticleSystems":true},"in2DMode":false,"pivot":{"x":0.5512046813964844,"y":1.209306001663208,"z":1.2121502161026},"rotation":{"x":-0.22343653440475465,"y":0.4599612057209015,"z":-0.12078966945409775,"w":-0.8508358597755432},"size":6.365041255950928,"orthographic":false}